848245329 	Kelly Young         	https://randomuser.me/api/portraits/men/25.jpg
16548802  	Nathaniel Gardner   	https://randomuser.me/api/portraits/men/54.jpg
298258102 	Eric Barnes         	https://randomuser.me/api/portraits/men/71.jpg
98512616  	Yolanda Prescott    	https://randomuser.me/api/portraits/women/92.jpg
320778123 	Jeanette Steeves    	https://randomuser.me/api/portraits/women/11.jpg
303136462 	Ricky Mason         	https://randomuser.me/api/portraits/men/9.jpg
492904304 	Layla Warren        	https://randomuser.me/api/portraits/women/38.jpg
228352594 	David Carter        	https://randomuser.me/api/portraits/men/23.jpg
708069131 	Lucy Jennings       	https://randomuser.me/api/portraits/women/41.jpg
7987233   	Edwin Hansen        	https://randomuser.me/api/portraits/men/72.jpg
